6649 N Blue Gum St;New Orleans 70116
4 B Blue Ridge Blvd;Brighton 48116
8 W Cerritos Ave #54;Bridgeport 8014
639 Main St;ZYZ
34 Center St;Hamilton 45011
3 Mcauley Dr;Ashland 44805
7 Eads St;Chicago 60632
7 W Jackson Blvd;San Jose 95111
5 Boston Ave #88;Sioux Falls 57105
228 Runamuck Pl #2808;Baltimore 21224
2371 Jerrold Ave;Kulpsville 19443
37275 St  Rt 17m M;Middle Island 11953
25 E 75th St #69;Los Angeles 90034
98 Connecticut Ave Nw;Chagrin Falls 44023
56 E Morehead St;Laredo 78045
73 State Road 434 E;Phoenix 85013
69734 E Carrillo St;Mc Minnville 37110
322 New Horizon Blvd;Milwaukee 53207
1 State Route 27;Taylor 48180
394 Manchester Blvd;Rockford 61109
6 S 33rd St;Aston 19014
6 Greenleaf Ave;San Jose 95111
618 W Yakima Ave;Irving 75062
74 S Westgate St;Albany 12204
3273 State St;Middlesex 8846
1 Central Ave;Stevens Point 54481
86 Nw 66th St #8673;Shawnee 66218
2 Cedar Ave #84;Easton 21601
90991 Thorburn Ave;New York 10011
386 9th Ave N;Conroe 77301
74874 Atlantic Ave;Columbus 43215
366 South Dr;Las Cruces 88011
45 E Liberty St;Ridgefield Park 7660
4 Ralph Ct;Dunellen 8812
2742 Distribution Way;New York 10025
426 Wolf St;Metairie 70002
128 Bransten Rd;New York 10011
17 Morena Blvd;Camarillo 93012
775 W 17th St;San Antonio 78204
6980 Dorsett Rd;Abilene 67410
2881 Lewis Rd;Prineville 97754
7219 Woodfield Rd;Overland Park 66204
1048 Main St;Fairbanks 99708
678 3rd Ave;Miami 33196
20 S Babcock St;Fairbanks 99712
2 Lighthouse Ave;Hopkins 55343
38938 Park Blvd;Boston 2128
5 Tomahawk Dr;Los Angeles 90006
762 S Main St;Madison 53711
209 Decker Dr;Philadelphia 19132
4486 W O St #1;New York 10003
39 S 7th St;Tullahoma 37388
98839 Hawthorne Blvd #6101;Columbia 29201
71 San Mateo Ave;Wayne 19087
76 Brooks St #9;Flemington 8822
4545 Courthouse Rd;Westbury 11590
14288 Foster Ave #4121;Jenkintown 19046
4 Otis St;Van Nuys 91405
65895 S 16th St;Providence 2909
14302 Pennsylvania Ave;Huntingdon Valley 19006
201 Hawk Ct;Providence 2904
53075 Sw 152nd Ter #615;Monroe Township 8831
59 N Groesbeck Hwy;Austin 78731
2664 Lewis Rd;Littleton 80126
59 Shady Ln #53;Milwaukee 53214
3305 Nabell Ave #679;New York 10009
18 Fountain St;Anchorage 99515
7 W 32nd St;Erie 16502
2853 S Central Expy;Glen Burnie 21061
74 W College St;Boise 83707
701 S Harrison Rd;San Francisco 94104
1088 Pinehurst St;Chapel Hill 27514
30 W 80th St #1995;San Carlos 94070
20932 Hedley St;Concord 94520
2737 Pistorio Rd #9230;London 43140
74989 Brandon St;Wellsville 14895
6 Kains Ave;Baltimore 21215
47565 W Grand Ave;Newark 7105
4284 Dorigo Ln;Chicago 60647
6794 Lake Dr E;Newark 7104
31 Douglas Blvd #950;Clovis 88101
44 W 4th St;Staten Island 10309
11279 Loytan St;Jacksonville 32254
69 Marquette Ave;Hayward 94545
70 W Main St;Beachwood 44122
461 Prospect Pl #316;Euless 76040
47154 Whipple Ave Nw;Gardena 90247
37 Alabama Ave;Evanston 60201
3777 E Richmond St #900;Akron 44302
3 Fort Worth Ave;Philadelphia 19106
4800 Black Horse Pike;Burlingame 94010
83649 W Belmont Ave;San Gabriel 91776
840 15th Ave;Waco 76708
1747 Calle Amanecer #2;Anchorage 99501
99385 Charity St #840;San Jose 95110
68556 Central Hwy;San Leandro 94577
55 Riverside Ave;Indianapolis 46202
7140 University Ave;Rock Springs 82901
64 5th Ave #1153;Mc Lean 22102
3 Secor Rd;New Orleans 70112
4 Webbs Chapel Rd;Boulder 80303
524 Louisiana Ave Nw;San Leandro 94577
185 Blackstone Bldge;Honolulu 96817
170 Wyoming Ave;Burnsville 55337
4 10th St W;High Point 27263
7 W Pinhook Rd;Lynbrook 11563
1 Commerce Way;Portland 97224
64 Lakeview Ave;Beloit 53511
3 Aspen St;Worcester 1602
32860 Sierra Rd;Miami 33133
555 Main St;Erie 16502
2 Se 3rd Ave;Mesquite 75149
2239 Shawnee Mission Pky;Tullahoma 37388
2726 Charcot Ave;Paterson 7501
5161 Dorsett Rd;Homestead 33030
55892 Jacksonville Rd;Owings Mills 21117
5 N Cleveland Massillon Rd;Thousand Oaks 91362
7 Benton Dr;Honolulu 96819
9390 S Howell Ave;Albany 31701
8 County Center Dr #647;Boston 2210
4646 Kaahumanu St;Hackensack 7601
2 Monroe St;San Mateo 94403
52777 Leaders Heights Rd;Ontario 91761
72868 Blackington Ave;Oakland 94606
9 Norristown Rd;Troy 12180
83 County Road 437 #8581;Clarks Summit 18411
1 N Harlem Ave #9;Orange 7050
90131 J St;Pittstown 8867
8597 W National Ave;Cocoa 32922
6 Gilson St;Bronx 10468
65 W Maple Ave;Pearl City 96782
866 34th Ave;Denver 80231
798 Lund Farm Way;Rockaway 7866
9387 Charcot Ave;Absecon 8201
30553 Washington Rd;Plainfield 7062
481 W Lemon St;Middleboro 2346
4 Warehouse Point Rd #7;Chicago 60638
4940 Pulaski Park Dr;Portland 97202
627 Walford Ave;Dallas 75227
137 Pioneer Way;Chicago 60604
61 13 Stoneridge #835;Findlay 45840
2409 Alabama Rd;Riverside 92501
8927 Vandever Ave;Waco 76707
134 Lewis Rd;Nashville 37211
9 N College Ave #3;Milwaukee 53216
60480 Old Us Highway 51;Preston 21655
4 Bloomfield Ave;Irving 75061
429 Tiger Ln;Beverly Hills 90212
54169 N Main St;Massapequa 11758
92 Main St;Atlantic City 8401
72 Mannix Dr;Cincinnati 45203
12270 Caton Center Dr;Eugene 97401
749 W 18th St #45;Smithfield 27577
8 Industry Ln;New York 10002
1 Huntwood Ave;Phoenix 85017
55262 N French Rd;Indianapolis 46240
422 E 21st St;Syracuse 13214
501 N 19th Ave;Cherry Hill 8002
455 N Main Ave;Garden City 11530
1844 Southern Blvd;Little Rock 72202
2023 Greg St;Saint Paul 55101
63381 Jenks Ave;Philadelphia 19134
6651 Municipal Rd;Houma 70360
81 Norris Ave #525;Ronkonkoma 11779
6916 W Main St;Sacramento 95827
9635 S Main St;Boise 83704
17 Us Highway 111;Round Rock 78664
992 Civic Center Dr;Philadelphia 19123
303 N Radcliffe St;Hilo 96720
73 Saint Ann St #86;Reno 89502
44 58th St;Wheeling 60090
9745 W Main St;Randolph 7869
84 Bloomfield Ave;Spartanburg 29301
287 Youngstown Warren Rd;Hampstead 21074
6 Van Buren St;Mount Vernon 10553
229 N Forty Driv;New York 10011
2887 Knowlton St #5435;Berkeley 94710
523 Marquette Ave;Concord 1742
3717 Hamann Industrial Pky;San Francisco 94104
3 State Route 35 S;Paramus 7652
82 N Highway 67;Oakley 94561
9 Murfreesboro Rd;Chicago 60623
6 S Broadway St;Cedar Grove 7009
6 Harry L Dr #6327;Perrysburg 43551
47939 Porter Ave;Gardena 90248
9 Wales Rd Ne #914;Homosassa 34448
195 13n N;Santa Clara 95054
99 Tank Farm Rd;Hazleton 18201
4671 Alemany Blvd;Jersey City 7304
98 University Dr;San Ramon 94583
50 E Wacker Dr;Bridgewater 8807
70 Euclid Ave #722;Bohemia 11716
326 E Main St #6496;Thousand Oaks 91362
406 Main St;Somerville 8876
3 Elmwood Dr;Beaverton 97005
9 Church St;Salem 97302
9939 N 14th St;Riverton 8077
5384 Southwyck Blvd;Douglasville 30135
97 Airport Loop Dr;Jacksonville 32216
37855 Nolan Rd;Bangor 4401
4252 N Washington Ave #9;Kennedale 76060
42754 S Ash Ave;Buffalo 14228
703 Beville Rd;Opa Locka 33054
5 Harrison Rd;New York 10038
73 Southern Blvd;Philadelphia 19103
189 Village Park Rd;Crestview 32536
6 Middlegate Rd #106;San Francisco 94107
1128 Delaware St;San Jose 95132
577 Parade St;South San Francisco 94080
70 Mechanic St;Northridge 91325
4379 Highway 116;Philadelphia 19103
55 Hawthorne Blvd;Lafayette 70506
7116 Western Ave;Dearborn 48126
2026 N Plankinton Ave #3;Austin 78754
99586 Main St;Dallas 75207
8739 Hudson St;Vashon 98070
383 Gunderman Rd #197;Coatesville 19320
4441 Point Term Mkt;Philadelphia 19143
2972 Lafayette Ave;Gardena 90248
2140 Diamond Blvd;Rohnert Park 94928
93 Redmond Rd #492;Orlando 32803
3989 Portage Tr;Escondido 92025
1 Midway Rd;Westborough 1581
77132 Coon Rapids Blvd Nw;Conroe 77301
755 Harbor Way;Milwaukee 53226
87 Sierra Rd;El Monte 91731
7667 S Hulen St #42;Yonkers 10701
75684 S Withlapopka Dr #32;Dallas 75227
5 Elmwood Park Blvd;Biloxi 39530
23 Palo Alto Sq;Miami 33134
38062 E Main St;New York 10048
3958 S Dupont Hwy #7;Ramsey 7446
560 Civic Center Dr;Ann Arbor 48103
3270 Dequindre Rd;Deer Park 11729
1 Garfield Ave #7;Canton 44707
9122 Carpenter Ave;New Haven 6511
48 Lenox St;Fairfax 22030
5 Little River Tpke;Wilmington 1887
3 N Groesbeck Hwy;Toledo 43613
37 N Elm St #916;Tacoma 98409
433 Westminster Blvd #590;Roseville 95661
66697 Park Pl #3224;Riverton 82501
96263 Greenwood Pl;Warren 4864
8 Mcarthur Ln;Richboro 18954
8 Fair Lawn Ave;Tampa 33614
9 N 14th St;El Cajon 92020
9 Vanowen St;College Station 77840
18 Waterloo Geneva Rd;Highland Park 60035
506 S Hacienda Dr;Atlantic City 8401
3732 Sherman Ave;Bridgewater 8807
25657 Live Oak St;Brooklyn 11226
4923 Carey Ave;Saint Louis 63104
3196 S Rider Trl;Stockton 95207
3 Railway Ave #75;Little Falls 7424
87393 E Highland Rd;Indianapolis 46220
67 E Chestnut Hill Rd;Seattle 98133
33 Lewis Rd #46;Burlington 27215
8100 Jacksonville Rd #7;Hays 67601
7 W Wabansia Ave #227;Orlando 32822
25 Minters Chapel Rd #9;Minneapolis 55401
6882 Torresdale Ave;Columbia 29201
985 E 6th Ave;Santa Rosa 95407
7 West Ave #1;Palatine 60067
26659 N 13th St;Costa Mesa 92626
669 Packerland Dr #1438;Denver 80212
759 Eldora St;New Haven 6515
5 S Colorado Blvd #449;Bothell 98021
944 Gaither Dr;Strongsville 44136
66552 Malone Rd;Plaistow 3865
77 Massillon Rd #822;Satellite Beach 32937
25346 New Rd;New York 10016
60 Fillmore Ave;Huntington Beach 92647
57 Haven Ave #90;Southfield 48075
6538 E Pomona St #60;Indianapolis 46222
6535 Joyce St;Wichita Falls 76301
78112 Morris Ave;North Haven 6473
96950 Hidden Ln;Aberdeen 21001
3718 S Main St;New Orleans 70130
9677 Commerce Dr;Richmond 23219
5 Green Pond Rd #4;Southampton 18966
636 Commerce Dr #42;Shakopee 55379
42744 Hamann Industrial Pky #82;Miami 33136
1950 5th Ave;Milwaukee 53209
61304 N French Rd;Somerset 8873
87 Imperial Ct #79;Fargo 58102
94 W Dodge Rd;Carson City 89701
4 58th St #3519;Scottsdale 85254
5221 Bear Valley Rd;Nashville 37211
9648 S Main;Salisbury 21801
7 S San Marcos Rd;New York 10004
812 S Haven St;Amarillo 79109
3882 W Congress St #799;Los Angeles 90016
4 E Colonial Dr;La Mesa 91942
45 2nd Ave #9759;Atlanta 30328
57254 Brickell Ave #372;Worcester 1602
8977 Connecticut Ave Nw #3;Niles 49120
9 Waydell St;Fairfield 7004
43 Huey P Long Ave;Lafayette 70508
7563 Cornwall Rd #4462;Denver 17517
22 Bridle Ln;Valley Park 63088
70099 E North Ave;Arlington 76013
3211 E Northeast Loop;Tampa 33619
26 Montgomery St;Atlanta 30328
13252 Lighthouse Ave;Cathedral City 92234
206 Main St #2804;Lansing 48933
96541 W Central Blvd;Phoenix 85034
34 Saint George Ave #2;Bangor 4401
47857 Coney Island Ave;Clinton 20735
8573 Lincoln Blvd;York 17404
596 Santa Maria Ave #7913;Mesquite 75150
3829 Ventura Blvd;Butte 59701
13 S Hacienda Dr;Livingston 7039
40 9th Ave Sw #91;Waterford 48329
2845 Boulder Crescent St;Cleveland 44103
33 State St;Abilene 79601
2 S 15th St;Fort Worth 76107
4 Kohler Memorial Dr;Brooklyn 11230
1 Rancho Del Mar Shopping C;Providence 2903
3943 N Highland Ave;Lancaster 17601
5 Williams St;Johnston 2919
60 Old Dover Rd;Hialeah 33014
8 Sheridan Rd;Jersey City 7304
85092 Southern Blvd;San Antonio 78204
64 Newman Springs Rd E;Brooklyn 11219
48 Stratford Ave;Pomona 91768
80 Pittsford Victor Rd #9;Cleveland 44103
87163 N Main Ave;New York 10013
393 Lafayette Ave;Richmond 23219
99 5th Ave #33;Trion 30753
49 N Mays St;Broussard 70518
993 Washington Ave;Nutley 7110
88 15th Ave Ne;Vestal 13850
3381 E 40th Ave;Passaic 7055
201 Ridgewood Rd;Moscow 83843
39 Moccasin Dr;San Francisco 94104
4 Carroll St;North Attleboro 2760
9581 E Arapahoe Rd;Rochester 48307
33 N Michigan Ave;Green Bay 54301
2 S Biscayne Blvd;Baltimore 21230
8 Us Highway 22;Colorado Springs 80937
7422 Martin Ave #8;Toledo 43607
94 Chase Rd;Hyattsville 20785
8139 I Hwy 10 #92;New Bedford 2745
5 Cabot Rd;Mc Lean 22102
3387 Ryan Dr;Hanover 21076
3125 Packer Ave #9851;Austin 78753
347 Chestnut St;Peoria 85381
8116 Mount Vernon Ave;Bucyrus 44820
8772 Old County Rd #5410;Kent 98032
868 State St #38;Cincinnati 45251
772 W River Dr;Bloomington 47404
73 W Barstow Ave;Arlington Heights 60004
61047 Mayfield Ave;Brooklyn 11223
2139 Santa Rosa Ave;Orlando 32801
598 43rd St;Beverly Hills 90210
70295 Pioneer Ct;Brandon 33511
92899 Kalakaua Ave;El Paso 79925
395 S 6th St #2;El Cajon 92020
9506 Edgemore Ave;Bladensburg 20710
72119 S Walker Ave #63;Anaheim 92801
369 Latham St #500;Saint Louis 63102
3158 Runamuck Pl;Round Rock 78664
9 Plainsboro Rd #598;Greensboro 27409
8728 S Broad St;Coram 11727
2215 Prosperity Dr;Lyndhurst 7071
1 S Pine St;Memphis 38112
187 Market St;Atlanta 30342
94290 S Buchanan St;Pacifica 94044
7061 N 2nd St;Burnsville 55337
10759 Main St;Scottsdale 85260
97 E 3rd St #9;Long Island City 11101
82 Winsor St #54;Atlanta 30340
41 Steel Ct;Northfield 55057
49440 Dearborn St;Norwalk 6854
7 S Beverly Dr;Fort Wayne 46802
919 Wall Blvd;Meridian 39307
89 20th St E #779;Sterling Heights 48310
721 Interstate 45 S;Colorado Springs 80919
3 Lawton St;New York 10013
38 Pleasant Hill Rd;Hayward 94545
45 E Acacia Ct;Chicago 60624
63728 Poway Rd #1;Scranton 18509
77 222 Dr;Oroville 95965
53 W Carey St;Port Jervis 12771
617 Nw 36th Ave;Brook Park 44142
539 Coldwater Canyon Ave;Bloomfield 7003
735 Crawford Dr;Anchorage 99501
910 Rahway Ave;Philadelphia 19102
7 Tarrytown Rd;Cincinnati 45217
35433 Blake St #588;Gardena 90248
29 Cherry St #7073;Des Moines 50315
810 N La Brea Ave;King of Prussia 19406
987 Main St;Raleigh 27601
36 Enterprise St Se;Richland 99352
8429 Miller Rd;Pelham 10803
5 W 7th St;Parkville 21234
2 Flynn Rd;Hicksville 11801
2094 Ne 36th Ave;Worcester 1603
649 Tulane Ave;Tulsa 74105
2094 Montour Blvd;Muskegon 49442
393 Hammond Dr;Lafayette 70506
8590 Lake Lizzie Dr;Bowling Green 43402
87895 Concord Rd;La Mesa 91942
46314 Route 130;Bridgeport 6610
4 Cowesett Ave;Kearny 7032
95 Main Ave #2;Barberton 44203
28 S 7th St #2824;Englewood 7631
79 S Howell Ave;Grand Rapids 49546
36 Lancaster Dr Se;Pearl 39208
2759 Livingston Ave;Memphis 38118
17 Jersey Ave;Englewood 80110
2 W Grand Ave;Memphis 38112
18 Coronado Ave #563;Pasadena 91106
72 Beechwood Ter;Chicago 60657
92 Broadway;Astoria 11103
39 Franklin Ave;Richland 99352
4 Iwaena St;Baltimore 21202
32820 Corkwood Rd;Newark 7104
34 Raritan Center Pky;Bellflower 90706
6201 S Nevada Ave;Toms River 8755
78 Maryland Dr #146;Denville 7834
76598 Rd  I 95 #1;Denver 80216
1610 14th St Nw;Newport News 23608
86350 Roszel Rd;Phoenix 85012
1644 Clove Rd;Miami 33155
9 W Central Ave;Phoenix 85013
27846 Lafayette Ave;Oak Hill 32759
10276 Brooks St;San Francisco 94105
1 Century Park E;San Diego 92110
9 State Highway 57 #22;Jersey City 7306
4 S Washington Ave;San Bernardino 92410
25 Se 176th Pl;Cambridge 2138
105 Richmond Valley Rd;Escondido 92025
22 Spruce St #595;Gardena 90248
2 W Beverly Blvd;Harrisburg 17110
72 Southern Blvd;Mesa 85204
1 Washington St;Lake Worth 33461
90177 N 55th Ave;Nashville 37211
9 Tower Ave;Burlington 41005
278 Bayview Ave;Milan 48160
80312 W 32nd St;Conroe 77301
82 Us Highway 46;Clifton 7011
4 Stovall St #72;Union City 7087
19 Amboy Ave;Miami 33142
63 Smith Ln #8343;Moss 38575
11360 S Halsted St;Santa Ana 92705
26849 Jefferson Hwy;Rolling Meadows 60008
2500 Pringle Rd Se #508;Hatfield 19440
65 Mountain View Dr;Whippany 7981
1 N San Saba;Erie 16501
51120 State Route 18;Salt Lake City 84115
1482 College Ave;Fayetteville 28301
4119 Metropolitan Dr;Los Angeles 90021
2167 Sierra Rd;East Lansing 48823
6 Sunrise Ave;Utica 13501
55713 Lake City Hwy;South Bend 46601
75698 N Fiesta Blvd;Orlando 32806
88 Sw 28th Ter;Harrison 7029
7 Flowers Rd #403;Trenton 8611
4 Nw 12th St #3849;Madison 53717
2 A Kelley Dr;Katonah 10536
88827 Frankford Ave;Greensboro 27401
2 W Scyene Rd #3;Baltimore 21217
62260 Park Stre;Monroe Township 8831
3424 29th St Se;Kerrville 78028
35 E Main St #43;Elk Grove Village 60007
7163 W Clark Rd;Freehold 7728
21575 S Apple Creek Rd;Omaha 68124
747 Leonis Blvd;Annandale 22003
13 Gunnison St;Plano 75075
18 3rd Ave;New York 10016
62 W Austin St;Syosset 11791
177 S Rider Trl #52;Crystal River 34429
2 W Mount Royal Ave;Fortville 46040
1953 Telegraph Rd;Saint Joseph 64504
63517 Dupont St;Jackson 39211
5 E Truman Rd;Abilene 79602
251 Park Ave #979;Saratoga 95070
43496 Commercial Dr #29;Cherry Hill 8003
2184 Worth St;Hayward 94545
50126 N Plankinton Ave;Longwood 32750
38773 Gravois Ave;Cheyenne 82001
16452 Greenwich St;Garden City 11530
40 Cambridge Ave;Madison 53715
20113 4th Ave E;Kearny 7032
6 Ridgewood Center Dr;Old Forge 18518
469 Outwater Ln;San Diego 92126
62 Monroe St;Thousand Palms 92276
3338 A Lockport Pl #6;Margate City 8402
9 Hwy;Providence 2906
8284 Hart St;Abilene 67410
5 Washington St #1;Roseville 95678
8 S Haven St;Daytona Beach 32114
9 Front St;Washington 20001
1933 Packer Ave #2;Novato 94945
67 Rv Cent;Boise 83709
2 Sw Nyberg Rd;Elkhart 46514
89992 E 15th St;Alliance 69301
61556 W 20th Ave;Seattle 98104
63 E Aurora Dr;Orlando 32804
